,Import_0,Import_1
0,15564517714.407639,0.0
1,1793212647.8246734,0.0
2,2693463458.9492645,0.0
3,0.0,0.0
4,0.0,0.0
5,0.0,0.0
6,0.0,0.0
7,0.0,0.0
