,Import_0,Import_1
0,0.0,0.0
1,0.0,0.0
2,4977752801.848455,0.0
3,0.0,0.0
4,15073441019.333122,0.0
5,0.0,0.0
6,0.0,0.0
7,0.0,0.0
