,Import_0,Import_1
0,0.0,0.0
1,0.0,0.0
2,4718285543.790155,0.0
3,0.0,0.0
4,15332908277.391418,0.0
5,0.0,0.0
6,0.0,0.0
7,0.0,0.0
