,Import_0,Import_1
0,0.0,0.0
1,0.0,0.0
2,0.0,0.0
3,0.0,0.0
4,0.0,0.0
5,17645427664.91463,0.0
6,2405766156.266944,0.0
7,0.0,0.0
