,Import_0,Import_1
0,19971054941.37548,0.0
1,0.0,0.0
2,0.0,0.0
3,0.0,0.0
4,0.0,0.0
5,80138879.80610013,0.0
6,0.0,0.0
7,0.0,0.0
