,Import_0,Import_1
0,14971110721.301762,0.0
1,2138314626.289962,0.0
2,2941768473.5898523,0.0
3,0.0,0.0
4,0.0,0.0
5,0.0,0.0
6,0.0,0.0
7,0.0,0.0
