,Import_0,Import_1
0,0.0,0.0
1,0.0,0.0
2,11873938786.155622,0.0
3,0.0,0.0
4,8177255035.025953,0.0
5,0.0,0.0
6,0.0,0.0
7,0.0,0.0
