,Import_0,Import_1
0,49046209230.64064,0.0
1,5522609478.070821,0.0
2,6071661472.634609,0.0
3,0.0,0.0
4,0.0,0.0
5,0.0,0.0
6,0.0,0.0
7,0.0,0.0
