,Import_0,Import_1
0,44249626046.51856,0.0
1,5400027298.524919,0.0
2,5751353995.99025,0.0
3,0.0,0.0
4,0.0,0.0
5,0.0,0.0
6,0.0,0.0
7,0.0,0.0
