,Import_0,Import_1
0,45111908036.53803,0.0
1,5376150168.476474,0.0
2,5152485770.690159,0.0
3,0.0,0.0
4,0.0,0.0
5,0.0,0.0
6,0.0,0.0
7,0.0,0.0
