,Import_0,Import_1
0,38707265016.50181,0.0
1,4728945389.515229,0.0
2,5152875088.96872,0.0
3,0.0,0.0
4,0.0,0.0
5,0.0,0.0
6,0.0,0.0
7,0.0,0.0
