,Import_0,Import_1,Import_2
0,59893679.764,0.0,0.0
1,57507756.18021807,0.0,0.0
2,2977363.892097771,0.0,0.0
3,0.0,0.0,0.0
4,0.0,0.0,0.0
5,0.0,0.0,59893679.764
6,0.0,0.0,59893679.764
7,0.0,0.0,29355399.573684122
