,Demand,Supply,Export,Supply/Demand,Export/Demand,Export/Supply,ObjVal
0.2,70400000.0,1343013.5093735852,1208668.8439266514,0.02,0.02,0.9,65569288.60085027
0.5,70400000.0,3357533.7734339507,3021739.371038581,0.05,0.04,0.9,198013817.61321995
0.8,70400000.0,5372054.037494341,4838522.559128887,0.08,0.07,0.9007,371362832.8291473
1.0,70400000.0,6715067.546867901,6050813.65169084,0.1,0.09,0.9011,509695539.1376958
1.2,70400000.0,8058081.056241523,7446416.5735195475,0.11,0.11,0.9241,667236212.4192573
1.5,70400000.0,10072601.320301916,9740511.02565666,0.14,0.14,0.967,940906809.7704506
3.0,70400000.0,20145202.640603833,20145183.238206785,0.29,0.29,1.0,3012713477.852841
