,Demand,Supply,Export,Supply/Demand,Export/Demand,Export/Supply,ObjVal
0.2,88000000.0,1343013.5093735852,1208668.8439266514,0.02,0.01,0.9,65569288.60085027
0.5,88000000.0,3357533.7734339507,3021739.371038581,0.04,0.03,0.9,198013817.61321995
0.8,88000000.0,5372043.702619895,4834800.5967517225,0.06,0.05,0.9,371365470.0734788
1.0,88000000.0,6715067.546867901,6085052.979606829,0.08,0.07,0.9062,509697681.9487071
1.2,88000000.0,8058081.056241523,7481941.403210141,0.09,0.09,0.9285,667235410.6735461
1.5,88000000.0,10072601.320301916,9740517.748013359,0.11,0.11,0.967,940906808.2231941
3.0,88000000.0,20145202.640603833,20145183.238206785,0.23,0.23,1.0,3012713477.852841
