,Demand,Supply,Export,Supply/Demand,Export/Demand,Export/Supply,ObjVal
0.2,88000000.0,1343013.5093735852,1208668.8439266512,0.0153,0.0137,0.9,65569288.60085024
0.5,88000000.0,3357533.7734339507,3021739.371038581,0.0382,0.0343,0.9,198013817.61321995
0.8,88000000.0,5372043.702619895,4834800.5967517225,0.061,0.0549,0.9,371365470.0734788
1.0,88000000.0,6715067.546867901,6074455.053286972,0.0763,0.069,0.9046,509699132.6953081
1.2,88000000.0,8058081.056241523,7466650.141823045,0.0916,0.0848,0.9266,667258371.1531985
1.5,88000000.0,10072601.320301916,9740968.627302738,0.1145,0.1107,0.9671,940906630.0869739
3.0,88000000.0,20145202.640603833,20145183.23820679,0.2289,0.2289,1.0,3012713477.852842
