,Demand,Supply,Export,Supply/Demand,Export/Demand,Export/Supply,ObjVal
0.2,105600000.0,1343013.5093735852,1208668.8439266512,0.0127,0.0114,0.9,65569288.60085024
0.5,105600000.0,3357533.7734339507,3021739.371038581,0.0318,0.0286,0.9,198013817.61321995
0.8,105600000.0,5372054.037494341,4836927.21895527,0.0509,0.0458,0.9004,371367013.04491895
1.0,105600000.0,6715067.546867901,6080170.887704409,0.0636,0.0576,0.9055,509699973.58142996
1.2,105600000.0,8058081.056241523,7470907.973123952,0.0763,0.0707,0.9271,667252914.5928845
1.5,105600000.0,10072601.320301916,9740352.7123658,0.0954,0.0922,0.967,940906846.2087477
3.0,105600000.0,20145202.640603833,20145183.238206785,0.1908,0.1908,1.0,3012713477.8528414
