,Demand,Supply,Export,Supply/Demand,Export/Demand,Export/Supply,ObjVal
0.5,88000000.0,6715067.546867901,6044132.359107559,0.08,0.07,0.9001,573484882.8379203
0.8,88000000.0,6715067.546867901,6050712.568867113,0.08,0.07,0.9011,534608839.54766583
1.2,88000000.0,6715067.546867901,6176748.7371836025,0.08,0.07,0.9198,485446919.50590897
1.5,88000000.0,6715067.546867901,6206042.961115068,0.08,0.07,0.9242,449654124.2753434
2.0,88000000.0,6715067.546867901,6336928.666995167,0.08,0.07,0.9437,390884600.0693178
3.0,88000000.0,6680811.927306082,6357776.14695499,0.08,0.07,0.9516,280024839.57915616
