,Demand,Supply,Export,Supply/Demand,Export/Demand,Export/Supply,ObjVal
0.5,88000000.0,6715067.546867901,6536707.46026039,0.0763,0.0743,0.9734,648200514.8664387
0.8,88000000.0,6715067.546867901,6234410.899981968,0.0763,0.0708,0.9284,564030583.342423
1.2,88000000.0,6715067.546867901,6044132.3591075605,0.0763,0.0687,0.9001,456480720.5160241
1.5,88000000.0,6714681.739712239,6043176.356013247,0.0763,0.0687,0.9,377092504.6754843
2.0,88000000.0,6715067.546867901,6043523.582891794,0.0763,0.0687,0.9,245270489.2769643
3.0,88000000.0,6710710.492840906,6039602.229315802,0.0763,0.0686,0.9,-17666555.517220482
