,Demand,Supply,Export,Supply/Demand,Export/Demand,Export/Supply,ObjVal
0.5,88000000.0,6715067.546867901,6158245.326879975,0.0763,0.07,0.9171,538309735.5264823
0.8,88000000.0,6715067.546867901,6102874.634279055,0.0763,0.0694,0.9088,520198585.06460935
1.2,88000000.0,6715067.546867901,6052183.684969422,0.0763,0.0688,0.9013,499639149.2755239
1.0,88000000.0,6715067.546867901,6074455.053286972,0.0763,0.069,0.9046,509699132.6953081
1.5,88000000.0,6715067.546867901,6044132.359107562,0.0763,0.0687,0.9001,484810547.7400821
2.0,88000000.0,6715067.546867901,6043561.096098763,0.0763,0.0687,0.9,462381698.8108179
3.0,88000000.0,6715067.546867901,6048624.469921613,0.0763,0.0687,0.9008,433536233.6729697
