,Import_0,Import_1
0,56420441487.79375,0.0
1,6621261817.130647,0.0
2,7238072088.007769,0.0
3,0.0,0.0
4,0.0,0.0
5,0.0,0.0
6,0.0,0.0
7,0.0,0.0
