,Import_0,Import_1
0,44647535944.41114,0.0
1,5374043088.474726,0.0
2,4417105915.400494,0.0
3,0.0,0.0
4,0.0,0.0
5,0.0,0.0
6,0.0,0.0
7,0.0,0.0
