,Import_0,Import_1
0,38764149909.29826,0.0
1,4469796163.784892,0.0
2,4906532658.024233,0.0
3,0.0,0.0
4,0.0,0.0
5,0.0,0.0
6,0.0,0.0
7,0.0,0.0
