,Import_0,Import_1,Import_2
0,28497906.906343967,0.0,0.0
1,0.0,0.0,0.0
2,46928265.300000004,0.0,0.0
3,28341514.34312941,0.0,0.0
4,46928265.300000004,0.0,0.0
5,0.0,0.0,13552976.700526612
6,0.0,0.0,46928265.300000004
7,0.0,0.0,0.0
