,Import_0,Import_1,Import_2
0,22643353.601347424,0.0,0.0
1,0.0,0.0,0.0
2,40125800.0,0.0,0.0
3,22717468.507719107,0.0,0.0
4,40125800.0,0.0,0.0
5,0.0,0.0,14827877.890933469
6,0.0,0.0,40125800.0
7,0.0,0.0,0.0
