,Import_0,Import_1,Import_2
0,-2.912898071059894e-08,0.0,0.0
1,0.0,0.0,0.0
2,40125800.0,0.0,0.0
3,40125800.0,0.0,0.0
4,40125800.0,0.0,0.0
5,0.0,0.0,20062900.00000003
6,0.0,0.0,40125800.0
7,0.0,0.0,0.0
