,Import_0,Import_1,Import_2
0,40125800.0,0.0,0.0
1,35665584.17204298,0.0,0.0
2,3887735.3474467285,0.0,0.0
3,0.0,0.0,0.0
4,0.0,0.0,0.0
5,0.0,0.0,40125800.0
6,0.0,0.0,40125800.0
7,0.0,0.0,20635380.4805103
