,Import_0,Import_1,Import_2
0,40125800.0,0.0,0.0
1,40125800.0,0.0,0.0
2,12162802.472811919,0.0,0.0
3,0.0,0.0,0.0
4,0.0,0.0,0.0
5,0.0,0.0,40125800.0
6,0.0,0.0,40125800.0
7,0.0,0.0,7900097.527188081
