,Import_0,Import_1,Import_2
0,40125800.0,0.0,0.0
1,38914441.7913332,0.0,0.0
2,21117554.933075443,0.0,0.0
3,0.0,0.0,0.0
4,0.0,0.0,0.0
5,0.0,0.0,40125800.0
6,0.0,0.0,40125800.0
7,0.0,0.0,156703.27559135482
