,Import_0,Import_1,Import_2
0,104322945.31480974,0.0,0.0
1,0.0,0.0,0.0
2,124514658.628,0.0,0.0
3,71739479.83456346,0.0,0.0
4,124514658.628,0.0,0.0
5,0.0,0.0,10709562.792626716
6,0.0,0.0,124514658.628
7,0.0,0.0,0.0
