,Import_0,Import_1,Import_2
0,124514658.628,0.0,0.0
1,124514658.628,0.0,0.0
2,39016908.84459517,0.0,0.0
3,0.0,0.0,0.0
4,4294703.458928943,0.0,0.0
5,0.0,0.0,124514658.628
6,0.0,0.0,124514658.628
7,0.0,0.0,18945717.010475792
