,Import_0,Import_1,Import_2
0,124514658.628,0.0,0.0
1,121450122.55014652,0.0,0.0
2,1286476.801851362,0.0,0.0
3,0.0,0.0,0.0
4,0.0,0.0,0.0
5,0.0,0.0,124514658.628
6,0.0,0.0,124514658.628
7,0.0,0.0,64035388.59000204
