,Import_0,Import_1,Import_2
0,124514658.628,0.0,0.0
1,23689636.632252097,0.0,0.0
2,38567692.68174781,0.0,0.0
3,0.0,0.0,0.0
4,0.0,0.0,0.0
5,0.0,0.0,124514658.628
6,0.0,0.0,124514658.628
7,0.0,0.0,124514658.628
