,Import_0,Import_1
0,54736454322.75696,0.0
1,6365757291.337526,0.0
2,6846958939.109962,0.0
3,0.0,0.0
4,0.0,0.0
5,0.0,0.0
6,0.0,0.0
7,0.0,0.0
