,Import_0,Import_1
0,36710524576.76887,0.0
1,4414563923.241524,0.0
2,4909879261.038867,0.0
3,0.0,0.0
4,0.0,0.0
5,0.0,0.0
6,0.0,0.0
7,0.0,0.0
