,Import_0,Import_1,Import_2
0,46928265.300000004,0.0,0.0
1,46928265.300000004,0.0,0.0
2,18226817.290617667,0.0,0.0
3,0.0,0.0,0.0
4,0.0,0.0,0.0
5,0.0,0.0,46928265.300000004
6,0.0,0.0,46928265.300000004
7,0.0,0.0,5237315.359382318
