,Import_0,Import_1
0,49711372809.06656,0.0
1,5667317604.194306,0.0
2,6278586305.430189,0.0
3,0.0,0.0
4,0.0,0.0
5,0.0,0.0
6,0.0,0.0
7,0.0,0.0
