,Import_0,Import_1
0,36621653393.81453,0.0
1,4466367303.711289,0.0
2,4735960494.855959,0.0
3,0.0,0.0
4,0.0,0.0
5,0.0,0.0
6,0.0,0.0
7,0.0,0.0
