,Import_0,Import_1,Import_2
0,76441199.192,0.0,0.0
1,76441199.192,0.0,0.0
2,24197637.65226063,0.0,0.0
3,0.0,0.0,0.0
4,0.0,0.0,0.0
5,0.0,0.0,76441199.192
6,0.0,0.0,76441199.192
7,0.0,0.0,14022961.943739325
