,Import_0,Import_1
0,41996695806.10213,0.0
1,4997994248.755368,0.0
2,5293774652.602673,0.0
3,0.0,0.0
4,0.0,0.0
5,0.0,0.0
6,0.0,0.0
7,0.0,0.0
