,Import_0,Import_1
0,52981813594.25537,0.0
1,6498621655.007195,0.0
2,6649064729.459677,0.0
3,0.0,0.0
4,0.0,0.0
5,0.0,0.0
6,0.0,0.0
7,0.0,0.0
