,Import_0,Import_1,Import_2
0,158915763.06800002,0.0,0.0
1,158915763.06800002,0.0,0.0
2,33261393.55941041,0.0,0.0
3,0.0,0.0,0.0
4,0.0,0.0,0.0
5,0.0,0.0,158915763.06800002
6,0.0,0.0,158915763.06800002
7,0.0,0.0,46196487.97458945
