,Import_0,Import_1,Import_2
0,40125800.0,0.0,0.0
1,40125800.0,0.0,0.0
2,13972298.82597108,0.0,0.0
3,0.0,0.0,0.0
4,0.0,0.0,0.0
5,0.0,0.0,40125800.0
6,0.0,0.0,40125800.0
7,0.0,0.0,6090601.17402892
