,Import_0,Import_1
0,50808823650.95923,0.0
1,6512030278.730071,0.0
2,6480470369.546771,0.0
3,0.0,0.0
4,0.0,0.0
5,0.0,0.0
6,0.0,0.0
7,0.0,0.0
