,Import_0,Import_1,Import_2
0,46928265.300000004,0.0,0.0
1,43423458.94914755,0.0,0.0
2,6609705.893566448,0.0,0.0
3,0.0,0.0,0.0
4,0.0,0.0,0.0
5,0.0,0.0,46928265.300000004
6,0.0,0.0,46928265.300000004
7,0.0,0.0,20359233.10728599
