,Import_0,Import_1,Import_2
0,46928265.300000004,0.0,0.0
1,46928265.300000004,0.0,0.0
2,15987384.477495754,0.0,0.0
3,0.0,0.0,0.0
4,0.0,0.0,0.0
5,0.0,0.0,46928265.300000004
6,0.0,0.0,46928265.300000004
7,0.0,0.0,7476748.1725042295
