,Import_0,Import_1
0,45099775615.19935,0.0
1,6067046391.4466,0.0
2,4847015169.209402,0.0
3,0.0,0.0
4,0.0,0.0
5,0.0,0.0
6,0.0,0.0
7,0.0,0.0
