,Import_0,Import_1,Import_2
0,59893679.764,0.0,0.0
1,56683097.16303998,0.0,0.0
2,4727952.508516114,0.0,0.0
3,0.0,0.0,0.0
4,0.0,0.0,0.0
5,0.0,0.0,59893679.764
6,0.0,0.0,59893679.764
7,0.0,0.0,28429469.974443864
