,Import_0,Import_1,Import_2
0,59893679.764,0.0,0.0
1,54290027.114102446,0.0,0.0
2,8894239.837476104,0.0,0.0
3,0.0,0.0,0.0
4,0.0,0.0,0.0
5,0.0,0.0,59893679.764
6,0.0,0.0,59893679.764
7,0.0,0.0,26656252.694421418
