,Import_0,Import_1,Import_2
0,41923550.083542846,0.0,0.0
1,0.0,0.0,0.0
2,59893679.764,0.0,0.0
3,36351471.472343795,0.0,0.0
4,59893679.764,0.0,0.0
5,0.0,0.0,11565498.090113327
6,0.0,0.0,59893679.764
7,0.0,0.0,0.0
