,Import_0,Import_1
0,45822916868.70863,0.0
1,5473053813.9839115,0.0
2,5835237468.411287,0.0
3,0.0,0.0
4,0.0,0.0
5,0.0,0.0
6,0.0,0.0
7,0.0,0.0
