,Import_0,Import_1,Import_2
0,97560493.14400001,0.0,0.0
1,97560493.14400001,0.0,0.0
2,24142125.704381242,0.0,0.0
3,0.0,0.0,0.0
4,8502145.453267174,0.0,0.0
5,0.0,0.0,97560493.14400001
6,0.0,0.0,97560493.14400001
7,0.0,0.0,16135975.414351596
