,Import_0,Import_1
0,23057357317.513794,0.0
1,2849570173.987209,0.0
2,3276927814.5061083,0.0
3,0.0,0.0
4,0.0,0.0
5,0.0,0.0
6,0.0,0.0
7,0.0,0.0
