,Import_0,Import_1
0,34059486955.55304,0.0
1,3816269906.6863494,0.0
2,4682498995.559098,0.0
3,0.0,0.0
4,0.0,0.0
5,0.0,0.0
6,0.0,0.0
7,0.0,0.0
