,Import_0,Import_1
0,55324832423.410614,0.0
1,6546358620.125037,0.0
2,6812987809.450634,0.0
3,0.0,0.0
4,0.0,0.0
5,0.0,0.0
6,0.0,0.0
7,0.0,0.0
