,Import_0,Import_1
0,35729325468.03078,0.0
1,4395607308.851025,0.0
2,4694801146.129461,0.0
3,0.0,0.0
4,0.0,0.0
5,0.0,0.0
6,0.0,0.0
7,0.0,0.0
