,Import_0,Import_1
0,15897315382.271767,0.0
1,1881881455.0255082,0.0
2,2103983722.1343021,0.0
3,0.0,0.0
4,0.0,0.0
5,0.0,0.0
6,0.0,0.0
7,0.0,0.0
