,Import_0,Import_1,Import_2
0,46928265.300000004,0.0,0.0
1,43992052.44608773,0.0,0.0
2,4403914.280234575,0.0,0.0
3,0.0,0.0,0.0
4,0.0,0.0,0.0
5,0.0,0.0,46928265.300000004
6,0.0,0.0,46928265.300000004
7,0.0,0.0,21996431.223677684
