,Import_0,Import_1
0,36769294537.43016,0.0
1,4289706936.6689167,0.0
2,5051847711.046707,0.0
3,0.0,0.0
4,0.0,0.0
5,0.0,0.0
6,0.0,0.0
7,0.0,0.0
