,Import_0,Import_1,Import_2
0,97560493.14400001,0.0,0.0
1,97560493.14400001,0.0,0.0
2,26986114.090846583,0.0,0.0
3,0.0,0.0,0.0
4,9017812.627516758,0.0,0.0
5,0.0,0.0,97560493.14400001
6,0.0,0.0,97560493.14400001
7,0.0,0.0,12776319.85363667
