,Import_0,Import_1
0,52511130660.23961,0.0
1,6576590867.895107,0.0
2,6744927614.42759,0.0
3,0.0,0.0
4,0.0,0.0
5,0.0,0.0
6,0.0,0.0
7,0.0,0.0
