,Import_0,Import_1,Import_2
0,46928265.300000004,0.0,0.0
1,46928265.300000004,0.0,0.0
2,16506240.996731348,0.0,0.0
3,0.0,0.0,0.0
4,0.0,0.0,0.0
5,0.0,0.0,46928265.300000004
6,0.0,0.0,46928265.300000004
7,0.0,0.0,6957891.653268635
