,Import_0,Import_1
0,37506744708.63732,0.0
1,4417550277.327685,0.0
2,4628395067.96335,0.0
3,0.0,0.0
4,0.0,0.0
5,0.0,0.0
6,0.0,0.0
7,0.0,0.0
