,Import_0,Import_1,Import_2
0,82454677.52100596,0.0,0.0
1,0.0,0.0,0.0
2,97560493.14400001,0.0,0.0
3,53827747.02088425,0.0,0.0
4,97560493.14400001,0.0,0.0
5,0.0,0.0,10058315.174109817
6,0.0,0.0,97560493.14400001
7,0.0,0.0,0.0
