,Import_0,Import_1,Import_2
0,97560493.14400001,0.0,0.0
1,87532846.95726015,0.0,0.0
2,2424722.8698804006,0.0,0.0
3,0.0,0.0,0.0
4,0.0,0.0,0.0
5,0.0,0.0,97560493.14400001
6,0.0,0.0,97560493.14400001
7,0.0,0.0,56383169.888859466
