,Import_0,Import_1
0,48750792798.28665,0.0
1,6198954748.314329,0.0
2,5046138045.380625,0.0
3,0.0,0.0
4,0.0,0.0
5,0.0,0.0
6,0.0,0.0
7,0.0,0.0
