,Import_0,Import_1,Import_2
0,118905218.24681959,0.0,0.0
1,0.0,0.0,0.0
2,158915763.06800002,0.0,0.0
3,99159850.44502304,0.0,0.0
4,158915763.06800002,0.0,0.0
5,0.0,0.0,20308575.910157226
6,0.0,0.0,158915763.06800002
7,0.0,0.0,0.0
