,Import_0,Import_1,Import_2
0,158915763.06800002,0.0,0.0
1,158915763.06800002,0.0,0.0
2,3171593.45392029,0.0,0.0
3,0.0,0.0,0.0
4,0.0,0.0,0.0
5,0.0,0.0,158915763.06800002
6,0.0,0.0,158915763.06800002
7,0.0,0.0,76286288.08007957
