,Import_0,Import_1,Import_2
0,158915763.06800002,0.0,0.0
1,158915763.06800002,0.0,0.0
2,58131621.03728691,0.0,0.0
3,0.0,0.0,0.0
4,7783555.695593588,0.0,0.0
5,0.0,0.0,158915763.06800002
6,0.0,0.0,158915763.06800002
7,0.0,0.0,13542704.801119365
