,Import_0,Import_1,Import_2
0,0.0,0.0,0.0
1,0.0,0.0,0.0
2,158915763.06800002,0.0,0.0
3,158915763.06800002,0.0,0.0
4,158915763.06800002,0.0,0.0
5,0.0,0.0,79457881.53399986
6,0.0,0.0,158915763.06800002
7,0.0,0.0,0.0
