,Import_0,Import_1
0,38692298189.59998,0.0
1,4586152945.902034,0.0
2,5114275447.685869,0.0
3,0.0,0.0
4,0.0,0.0
5,0.0,0.0
6,0.0,0.0
7,0.0,0.0
