,Import_0,Import_1
0,44539261072.4368,0.0
1,5203833408.700467,0.0
2,5630478160.603982,0.0
3,0.0,0.0
4,0.0,0.0
5,0.0,0.0
6,0.0,0.0
7,0.0,0.0
