,Import_0,Import_1
0,16009612545.29177,0.0
1,1816852277.0555077,0.0
2,2122746727.9743018,0.0
3,0.0,0.0
4,0.0,0.0
5,0.0,0.0
6,0.0,0.0
7,0.0,0.0
