,Import_0,Import_1
0,23387390227.87764,0.0
1,2848069909.827208,0.0
2,3251242169.4261074,0.0
3,0.0,0.0
4,0.0,0.0
5,0.0,0.0
6,0.0,0.0
7,0.0,0.0
