Ports,Shanghai,Zhejiang,Europe
New Orleans,44.29584842,44.70415158,50
Laredo,44.31797715,44.68202285,65
Seattle,40.27971234,40.72028766,80
San Francisco,40.32301556,40.67698444,70
Long Beach,40.33604571,40.66395429,60
Great Lakes,88.2380282,89.2619718,45
Norfolk,58.5823953,59.2176047,40
Savannah,58.60603729,59.19396271,45
