Ports,Shanghai,Zhejiang
New Orleans,44.29584842380749,44.704151576192515
Laredo,44.31797715144494,44.68202284855506
Seattle,40.279712344074056,40.72028765592595
San Francisco,40.32301555818928,40.67698444181072
Long Beach,40.33604570955578,40.663954290444224
Great Lakes,88.23802819952726,89.26197180047272
Norfolk,58.582395300310374,59.217604699689616
Savannah,58.60603728872449,59.19396271127552
