,Import_0,Import_1
0,35763834641.235374,0.0
1,4237320084.4691086,0.0
2,4818633788.081409,0.0
3,0.0,0.0
4,0.0,0.0
5,0.0,0.0
6,0.0,0.0
7,0.0,0.0
