,Import_0,Import_1
0,0.0,0.0
1,0.0,0.0
2,0.0,0.0
3,0.0,0.0
4,0.0,0.0
5,30944105544.12245,0.0
6,17272255604.05092,0.0
7,0.0,0.0
