,Import_0,Import_1
0,43824425748.898636,0.0
1,0.0,0.0
2,4391935399.274724,0.0
3,0.0,0.0
4,0.0,0.0
5,0.0,0.0
6,0.0,0.0
7,0.0,0.0
