,Import_0,Import_1
0,0.0,0.0
1,0.0,0.0
2,0.0,0.0
3,0.0,0.0
4,0.0,0.0
5,38866733200.098495,0.0
6,9349627948.074848,0.0
7,0.0,0.0
