,Import_0,Import_1
0,49090033884.29343,0.0
1,5620045539.123828,0.0
2,6246304570.2833185,0.0
3,0.0,0.0
4,0.0,0.0
5,0.0,0.0
6,0.0,0.0
7,0.0,0.0
