,Import_0,Import_1
0,0.0,0.0
1,0.0,0.0
2,11983256445.89272,0.0
3,0.0,0.0
4,36233104702.28064,0.0
5,0.0,0.0
6,0.0,0.0
7,0.0,0.0
