,Import_0,Import_1
0,48057732782.17261,0.0
1,0.0,0.0
2,0.0,0.0
3,0.0,0.0
4,0.0,0.0
5,158628366.00076133,0.0
6,0.0,0.0
7,0.0,0.0
