,Import_0,Import_1
0,46584868376.659256,0.0
1,0.0,0.0
2,0.0,0.0
3,0.0,0.0
4,0.0,0.0
5,1850723935.9576135,0.0
6,0.0,0.0
7,0.0,0.0
