,Import_0,Import_1
0,0.0,0.0
1,0.0,0.0
2,30662731329.83897,0.0
3,0.0,0.0
4,17553629818.334393,0.0
5,0.0,0.0
6,0.0,0.0
7,0.0,0.0
