,Import_0,Import_1
0,0.0,0.0
1,0.0,0.0
2,27963311444.222248,0.0
3,0.0,0.0
4,20253049703.951115,0.0
5,0.0,0.0
6,0.0,0.0
7,0.0,0.0
