,Import_0,Import_1
0,0.0,0.0
1,0.0,0.0
2,11138270109.209675,0.0
3,0.0,0.0
4,37078091038.963684,0.0
5,0.0,0.0
6,0.0,0.0
7,0.0,0.0
