,Import_0,Import_1
0,0.0,0.0
1,0.0,0.0
2,30945484723.319733,0.0
3,0.0,0.0
4,17270876424.853634,0.0
5,0.0,0.0
6,0.0,0.0
7,0.0,0.0
