,Import_0,Import_1
0,37115619688.45987,0.0
1,6207635248.325882,0.0
2,7863158699.369086,0.0
3,0.0,0.0
4,0.0,0.0
5,0.0,0.0
6,0.0,0.0
7,0.0,0.0
