,Import_0,Import_1,Import_2
0,39569815.06202936,0.0,0.0
1,0.0,0.0,0.0
2,59893679.764,0.0,0.0
3,37134946.93795431,0.0,0.0
4,59893679.764,0.0,0.0
5,0.0,0.0,13135757.6460163
6,0.0,0.0,59893679.764
7,0.0,0.0,0.0
