,Import_0,Import_1,Import_2
0,76441199.192,0.0,0.0
1,76441199.192,0.0,0.0
2,19046363.634824533,0.0,0.0
3,0.0,0.0,0.0
4,0.0,0.0,0.0
5,0.0,0.0,76441199.192
6,0.0,0.0,76441199.192
7,0.0,0.0,19174235.961175423
