,Import_0,Import_1
0,42199377881.6281,0.0
1,4889873731.322105,0.0
2,5244839990.392172,0.0
3,0.0,0.0
4,0.0,0.0
5,0.0,0.0
6,0.0,0.0
7,0.0,0.0
