,Import_0,Import_1
0,41944994143.08778,0.0
1,4989158609.10335,0.0
2,5287151594.696521,0.0
3,0.0,0.0
4,0.0,0.0
5,0.0,0.0
6,0.0,0.0
7,0.0,0.0
