,Import_0,Import_1,Import_2
0,76441199.192,0.0,0.0
1,70279204.06811927,0.0,0.0
2,5160998.289534107,0.0,0.0
3,0.0,0.0,0.0
4,0.0,0.0,0.0
5,0.0,0.0,76441199.192
6,0.0,0.0,76441199.192
7,0.0,0.0,39221596.43034658
