,Import_0,Import_1
0,4818181.372611918,0.0
1,0.0,0.0
2,642770.9956558831,0.0
3,0.0,0.0
4,578649.8610480014,0.0
5,0.0,0.0
6,0.0,0.0
7,0.0,0.0
