,Import_0,Import_1
0,8284374.007182139,0.0
1,515625.99281786144,0.0
2,0.0,0.0
3,0.0,0.0
4,0.0,0.0
5,0.0,0.0
6,0.0,0.0
7,0.0,0.0
