,Import_0,Import_1
0,5294789.972771451,0.0
1,310684.2828563123,0.0
2,468980.797659209,0.0
3,0.0,0.0
4,0.0,0.0
5,0.0,0.0
6,0.0,0.0
7,0.0,0.0
