,Import_0,Import_1
0,196368.37360443315,0.0
1,91078.09997436941,0.0
2,2158641.6132661775,0.0
3,0.0,0.0
