,Import_0,Import_1
0,2228196.3946688576,0.0
1,945853.8265741888,0.0
2,271937.96100000007,0.0
3,0.0,0.0
4,0.0,0.0
5,0.0,0.0
6,0.0,0.0
7,0.0,0.0
