,Import_0,Import_1
0,5285637.439061951,0.0
1,311081.0494380985,0.0
2,468980.797659209,0.0
3,0.0,0.0
4,0.0,0.0
5,0.0,0.0
6,0.0,0.0
7,0.0,0.0
