,Import_0,Import_1
0,2156210.314505339,0.0
1,0.0,0.0
2,196368.3753212895,0.0
3,0.0,0.0
4,0.0,0.0
5,0.0,93509.40212071418
6,0.0,0.0
7,0.0,0.0
