,Import_0,Import_1
0,2819261.1524155186,0.0
1,590964.768,0.0
2,35561.63700000002,0.0
3,0.0,0.0
4,0.0,0.0
5,0.0,0.0
6,0.0,0.0
7,0.0,0.0
