,Import_0,Import_1
0,0.0,0.0
1,0.0,0.0
2,15764374166.97134,0.0
3,0.0,0.0
4,48003777635.95311,0.0
5,0.0,0.0
6,0.0,0.0
7,0.0,0.0
