,Import_0,Import_1
0,0.0,0.0
1,0.0,0.0
2,0.0,0.0
3,0.0,0.0
4,0.0,0.0
5,56812004077.289856,0.0
6,6956147725.634688,0.0
7,0.0,0.0
