,Import_0,Import_1
0,58141033736.34224,0.0
1,0.0,0.0
2,5627118066.582214,0.0
3,0.0,0.0
4,0.0,0.0
5,0.0,0.0
6,0.0,0.0
7,0.0,0.0
