,Import_0,Import_1
0,69326047343.41756,0.0
1,6976774005.880236,0.0
2,7706787263.165075,0.0
3,0.0,0.0
4,0.0,0.0
5,0.0,0.0
6,0.0,0.0
7,0.0,0.0
