,Import_0,Import_1
0,63790003994.67645,0.0
1,8939390940.22964,0.0
2,5347830078.560938,0.0
3,0.0,0.0
4,0.0,0.0
5,0.0,0.0
6,0.0,0.0
7,0.0,0.0
