,Import_0,Import_1
0,67841893211.4424,0.0
1,6976774005.880236,0.0
2,4829328354.336335,0.0
3,0.0,0.0
4,0.0,0.0
5,0.0,0.0
6,0.0,0.0
7,0.0,0.0
