,Import_0,Import_1
0,0.0,0.0
1,0.0,0.0
2,40187597739.160095,0.0
3,0.0,0.0
4,23580554063.764355,0.0
5,0.0,0.0
6,0.0,0.0
7,0.0,0.0
