,Import_0,Import_1
0,61375810029.28266,0.0
1,0.0,0.0
2,0.0,0.0
3,0.0,0.0
4,0.0,0.0
5,2696955716.25102,0.0
6,0.0,0.0
7,0.0,0.0
