,Import_0,Import_1
0,0.0,0.0
1,0.0,0.0
2,0.0,0.0
3,0.0,0.0
4,0.0,0.0
5,41748693453.63261,0.0
6,22019458349.29184,0.0
7,0.0,0.0
