,Import_0,Import_1
0,0.0,0.0
1,0.0,0.0
2,15177993180.363138,0.0
3,0.0,0.0
4,48590158622.561325,0.0
5,0.0,0.0
6,0.0,0.0
7,0.0,0.0
