,Import_0,Import_1
0,36611429530.39366,0.0
1,0.0,0.0
2,13366177074.37387,0.0
3,0.0,0.0
4,13790545198.156925,0.0
5,0.0,0.0
6,0.0,0.0
7,0.0,0.0
