,Import_0,Import_1
0,0.0,0.0
1,0.0,0.0
2,37031428447.54934,0.0
3,0.0,0.0
4,26736723355.37511,0.0
5,0.0,0.0
6,0.0,0.0
7,0.0,0.0
