,Import_0,Import_1
0,58401590903.320465,0.0
1,5366560899.603983,0.0
2,0.0,0.0
3,0.0,0.0
4,0.0,0.0
5,0.0,0.0
6,0.0,0.0
7,0.0,0.0
