,Import_0,Import_1
0,0.0,0.0
1,0.0,0.0
2,16316203798.159544,0.0
3,0.0,0.0
4,47451948004.76491,0.0
5,0.0,0.0
6,0.0,0.0
7,0.0,0.0
