,Import_0,Import_1
0,0.0,0.0
1,0.0,0.0
2,0.0,0.0
3,0.0,0.0
4,0.0,0.0
5,52378919574.30492,0.0
6,11389232228.61956,0.0
7,0.0,0.0
