,Import_0,Import_1
0,29531892337.794533,0.0
1,3441997420.4653945,0.0
2,4029100380.7204876,0.0
3,0.0,0.0
4,0.0,0.0
5,0.0,0.0
6,0.0,0.0
7,0.0,0.0
