,Import_0,Import_1,Import_2
0,76441199.192,0.0,0.0
1,15581810.295592517,0.0,0.0
2,22638789.30040744,0.0,0.0
3,0.0,0.0,0.0
4,0.0,0.0,0.0
5,0.0,0.0,76441199.192
6,0.0,0.0,76441199.192
7,0.0,0.0,76441199.192
