,Import_0,Import_1,Import_2
0,76441199.192,0.0,0.0
1,76441199.192,0.0,0.0
2,21580189.468127966,0.0,0.0
3,0.0,0.0,0.0
4,0.0,0.0,0.0
5,0.0,0.0,76441199.192
6,0.0,0.0,76441199.192
7,0.0,0.0,16640410.12787199
