,Import_0,Import_1,Import_2
0,60078577.85441583,0.0,0.0
1,0.0,0.0,0.0
2,76441199.192,0.0,0.0
3,45164184.43925003,0.0,0.0
4,76441199.192,0.0,0.0
5,0.0,0.0,9419036.494334098
6,0.0,0.0,76441199.192
7,0.0,0.0,0.0
