,Import_0,Import_1,Import_2
0,76441199.192,0.0,0.0
1,76441199.192,0.0,0.0
2,25431771.72949226,0.0,0.0
3,0.0,0.0,0.0
4,1619779.6597898006,0.0,0.0
5,0.0,0.0,76441199.192
6,0.0,0.0,76441199.192
7,0.0,0.0,11169048.206717897
