,Import_0,Import_1
0,46463009035.45196,0.0
1,5584862875.780377,0.0
2,5940814579.422823,0.0
3,0.0,0.0
4,0.0,0.0
5,0.0,0.0
6,0.0,0.0
7,0.0,0.0
