,Import_0,Import_1
0,55250546591.59729,0.0
1,6747683263.966643,0.0
2,5879632086.091099,0.0
3,0.0,0.0
4,0.0,0.0
5,0.0,0.0
6,0.0,0.0
7,0.0,0.0
